id,firstname,lastname,email,email2,city,country
18dfaebe-0565-430b-a47a-8720a4e04e9d,Charmaine,Virgin,Charmaine.Virgin@skymail.com,Charmaine.Virgin@gmail.com,Warsaw,Bangladesh
0fa3dd62-6e15-4fe5-af53-94b4803154b5,Rosanne,Carlson,Rosanne.Carlson@skymail.com,Rosanne.Carlson@gmail.com,Tagbilaran,Costa Rica
09377ef6-4bbb-4cef-b24a-08caf6bc6f70,Mignon,Ardeha,Mignon.Ardeha@skymail.com,Mignon.Ardeha@gmail.com,Tampa,Liechtenstein
e5c3ca94-4741-409b-8b3a-513ca70b32ab,Correy,Zetta,Correy.Zetta@skymail.com,Correy.Zetta@gmail.com,Ljubljana,Malaysia
fff82d48-4233-4636-853e-eee01991626a,Rochette,Rosalba,Rochette.Rosalba@skymail.com,Rochette.Rosalba@gmail.com,Gaza,"Macedonia, The Former Yugoslav Republic of"
cfe90c2b-e4f6-41bf-858c-f060eaa90385,Concettina,Bandeen,Concettina.Bandeen@skymail.com,Concettina.Bandeen@gmail.com,Dalian,Bulgaria
6031f4c1-a068-4694-b46f-0772df43f10c,Valli,Lorain,Valli.Lorain@skymail.com,Valli.Lorain@gmail.com,Iqaluit,United Kingdom
34d68d6b-55d4-4896-8628-ec5d2f44f772,Marleah,Bennie,Marleah.Bennie@skymail.com,Marleah.Bennie@gmail.com,Dammam,Estonia
28debffd-dc3b-4b83-9eed-667abc8336fa,Reeba,Anastatius,Reeba.Anastatius@skymail.com,Reeba.Anastatius@gmail.com,Hilo,Slovenia
613d6be5-e367-4912-b344-4c4d73a7d9c6,Millie,Tamsky,Millie.Tamsky@skymail.com,Millie.Tamsky@gmail.com,Adak,Hong Kong
d8abe0fa-7c3f-4d42-a685-a985d12380eb,Atlanta,Colyer,Atlanta.Colyer@skymail.com,Atlanta.Colyer@gmail.com,Conakry,Brazil
be4c55a7-0ca2-43aa-adf4-2fbcced39342,Viki,Garrison,Viki.Garrison@skymail.com,Viki.Garrison@gmail.com,Seville,Iraq
ddc907ea-e115-4ceb-be45-bb57cc43493e,Nannie,Rosemary,Nannie.Rosemary@skymail.com,Nannie.Rosemary@gmail.com,Damascus,Jordan
a38a283e-99cf-452b-9007-9a7b9b8e720f,Nicoli,Decato,Nicoli.Decato@skymail.com,Nicoli.Decato@gmail.com,Vientiane,Brazil
7fabf06d-b681-42ea-ad66-d8cd3850c96d,Kirbee,Clara,Kirbee.Clara@skymail.com,Kirbee.Clara@gmail.com,Wollongong,Faroe Islands
b46d3548-3232-4223-8a2c-c258b95e5124,Cristine,Franza,Cristine.Franza@skymail.com,Cristine.Franza@gmail.com,Madrid,Åland Islands
5bd95abe-c6d2-4e1a-a1db-4ba4db0eb016,Joelly,Skurnik,Joelly.Skurnik@skymail.com,Joelly.Skurnik@gmail.com,Perm,Belgium
7c5352c8-e03a-45ad-a627-ee0064d4ebbf,Paola,Leler,Paola.Leler@skymail.com,Paola.Leler@gmail.com,Ürümqi,Israel
87d197b2-74bf-483d-befb-5e3d0d1afd2a,Fanchon,Morgun,Fanchon.Morgun@skymail.com,Fanchon.Morgun@gmail.com,Yaren District,Guinea
4c7d03f0-328e-46e7-8957-8d3701e90a11,Kate,An,Kate.An@skymail.com,Kate.An@gmail.com,San Diego,Bahrain